CEO's Circular No: 56/2023

CEO's Office, Sri Lanka Telecom PLC, Colombo 01.
9th August 2023

To All Staff

Holidays for SLT Employees 2024

Following holidays will apply to all SLT employees for the year 2024.

| January    | 15   | Monday | Tamil Thai Pongal Day |
|---|---|---|---|
| January    | 25   | Thursday | Duruthu Full Moon Poya Day |
| February    | 04   | Sunday | Independence Day |
| February    | 23   | Friday | Navam Full Moon Poya Day |
| March    | 08   | Friday | Maha Sivarathri Day |
| March    | 24   | Sunday | Madin Full Moon Poya Day |
| March    | 29   | Friday | Good Friday |
| April    | 11   | Thursday | Id-UI-Fitr (Ramazan Festival Day) |
| April    | 12   | Friday | Day Prior to Sinhala and Tamil New Year Day |
| April    | 13   | Saturday | Sinhala and Tamil New Year Day |
| April    | 23   | Tuesday | Bak Full Moon Poya Day |
| May    | 01   | Wednesday | May Day(International Worker's Day) |
| May    | 23   | Thursday | Vesak Full Moon Poya day |
| May    | 24   | Friday | Day Following Vesak Full Moon Poya day |
| June    | 17   | Monday | Id-UI-Allah (Hajji Festival Day) |
| June    | 21   | Friday | Pocon Full Moon Poya Day |
| July    | 20   | Saturday | Esala Full Moon Poya Day |
| August    | 19   | Monday | Nikini Full Moon Poya Day |
| September    | 16   | Monday | Milad-Un-Nabi (Holy Prophet's Birth day) |
| September    | 17   | Tuesday | Binara Full Moon Poya Day |
| October    | 17   | Thursday | Vap Full Moon Poya Day |
| October    | 31   | Thursday | Deepavali Festival Day |
| November    | 15   | Friday | Ill Full Moon Poya Day |
| December    | 14   | Saturday | Unduvap Full Moon Poya Day |
| December    | 25   | Wednesday | Christmas Day |

Janaka R Abeysinghe
Chief Executive Officer